{
    "description": "A port of uClibc++ packaged as an Arduino library.", 
    "repository": {
        "url": "https://github.com/mike-matera/ArduinoSTL", 
        "type": "git"
    }, 
    "platforms": [
        "atmelavr", 
        "atmelsam"
    ], 
    "export": {
        "exclude": [
            "extras", 
            "docs", 
            "tests", 
            "test", 
            "*.doxyfile", 
            "*.pdf"
        ], 
        "include": null
    }, 
    "authors": [
        {
            "maintainer": true, 
            "name": "Mike Matera", 
            "url": null, 
            "email": "matera@lifealgorithmic.com"
        }
    ], 
    "keywords": [
        "other"
    ], 
    "id": 750, 
    "name": "ArduinoSTL", 
    "frameworks": [
        "arduino"
    ], 
    "version": "1.0.5", 
    "homepage": null
}